Model,RMSE,MAE,MAPE,Mean Error,N Folds,CI Coverage,Meets Target
Naive,0.1214985792587913,0.10000000000000013,2.4705407924146523,-0.04285714285714277,7,1.0,Yes
LLM Ensemble,0.13493112310720498,0.12244232700347991,3.026597950798933,-0.049411890255519765,7,1.0,Yes
ARIMA,0.15287634609412074,0.13293771403674282,3.3088172933198425,-0.08678387980294382,7,0.9523809523809523,Yes
Trend,0.41147410171994314,0.38791683878275457,9.702919530817493,-0.38791683878275457,7,0.6666666666666666,No
