{
  "LLM Ensemble": {
    "model_name": "LLM Ensemble",
    "n_folds": 7,
    "metrics": {
      "rmse": 0.13493112310720498,
      "mae": 0.12244232700347991,
      "mape": 3.026597950798933,
      "mse": 0.01820640798297171,
      "mean_error": -0.049411890255519765,
      "std_error": 0.12555824578397143,
      "median_ae": 0.12863691535108668,
      "max_ae": 0.22390092028555264
    },
    "coverage": {
      "coverage": 1.0,
      "target_coverage": 0.9,
      "meets_target": true,
      "avg_interval_width": 0.6059379870915267,
      "n_observations": 21,
      "n_within_ci": 21
    },
    "forecasts": [
      [
        3.671363084648913,
        3.6760990797144473,
        3.685310829508426
      ],
      [
        3.744356442236583,
        3.7435870857545863,
        3.7463590081552605
      ],
      [
        3.84518996038901,
        3.8302520350273133,
        3.8221529085030554
      ],
      [
        3.9870719634008123,
        3.9922975417556006,
        4.001827916908942
      ],
      [
        4.230000180291375,
        4.2514930276671725,
        4.275212384951823
      ],
      [
        4.18797437688817,
        4.1882986198459715,
        4.190253910454482
      ],
      [
        4.073919121061449,
        4.0642311974803285,
        4.055099629990362
      ]
    ],
    "actuals": [
      [
        3.8,
        3.9,
        3.7
      ],
      [
        3.8,
        3.7,
        3.9
      ],
      [
        3.9,
        3.9,
        4.0
      ],
      [
        4.1,
        4.2,
        4.2
      ],
      [
        4.1,
        4.1,
        4.2
      ],
      [
        4.1,
        4.0,
        4.1
      ],
      [
        4.2,
        4.2,
        4.2
      ]
    ],
    "train_ends": [
      24,
      27,
      30,
      33,
      36,
      39,
      42
    ]
  },
  "ARIMA": {
    "model_name": "ARIMA",
    "n_folds": 7,
    "metrics": {
      "rmse": 0.15287634609412074,
      "mae": 0.13293771403674282,
      "mape": 3.3088172933198425,
      "mse": 0.023371177195089386,
      "mean_error": -0.08678387980294382,
      "std_error": 0.1258560105892348,
      "median_ae": 0.10769701478426885,
      "max_ae": 0.27572748145408976
    },
    "coverage": {
      "coverage": 0.9523809523809523,
      "target_coverage": 0.9,
      "meets_target": true,
      "avg_interval_width": 0.5325942627063922,
      "n_observations": 21,
      "n_within_ci": 20
    },
    "forecasts": [
      [
        3.6642678339591606,
        3.6391457485521324,
        3.6214832543591777
      ],
      [
        3.671976175505103,
        3.6524024840155636,
        3.6387309239971435
      ],
      [
        3.8460510142163553,
        3.8084598913818137,
        3.7822667666096708
      ],
      [
        3.9655715442797788,
        3.941334700747384,
        3.9242725185459104
      ],
      [
        4.181690108703635,
        4.168551725785262,
        4.159124192714978
      ],
      [
        4.186703964561546,
        4.177218337404937,
        4.170451122999508
      ],
      [
        4.095498315628484,
        4.092302985215731,
        4.090034914954904
      ]
    ],
    "actuals": [
      [
        3.8,
        3.9,
        3.7
      ],
      [
        3.8,
        3.7,
        3.9
      ],
      [
        3.9,
        3.9,
        4.0
      ],
      [
        4.1,
        4.2,
        4.2
      ],
      [
        4.1,
        4.1,
        4.2
      ],
      [
        4.1,
        4.0,
        4.1
      ],
      [
        4.2,
        4.2,
        4.2
      ]
    ],
    "train_ends": [
      24,
      27,
      30,
      33,
      36,
      39,
      42
    ]
  },
  "Naive": {
    "model_name": "Naive",
    "n_folds": 7,
    "metrics": {
      "rmse": 0.1214985792587913,
      "mae": 0.10000000000000013,
      "mape": 2.4705407924146523,
      "mse": 0.014761904761904794,
      "mean_error": -0.04285714285714277,
      "std_error": 0.11368891796488893,
      "median_ae": 0.10000000000000053,
      "max_ae": 0.20000000000000018
    },
    "coverage": {
      "coverage": 1.0,
      "target_coverage": 0.9,
      "meets_target": true,
      "avg_interval_width": 0.7308113827809324,
      "n_observations": 21,
      "n_within_ci": 21
    },
    "forecasts": [
      [
        3.7,
        3.7,
        3.7
      ],
      [
        3.7,
        3.7,
        3.7
      ],
      [
        3.9,
        3.9,
        3.9
      ],
      [
        4.0,
        4.0,
        4.0
      ],
      [
        4.2,
        4.2,
        4.2
      ],
      [
        4.2,
        4.2,
        4.2
      ],
      [
        4.1,
        4.1,
        4.1
      ]
    ],
    "actuals": [
      [
        3.8,
        3.9,
        3.7
      ],
      [
        3.8,
        3.7,
        3.9
      ],
      [
        3.9,
        3.9,
        4.0
      ],
      [
        4.1,
        4.2,
        4.2
      ],
      [
        4.1,
        4.1,
        4.2
      ],
      [
        4.1,
        4.0,
        4.1
      ],
      [
        4.2,
        4.2,
        4.2
      ]
    ],
    "train_ends": [
      24,
      27,
      30,
      33,
      36,
      39,
      42
    ]
  },
  "Trend": {
    "model_name": "Trend",
    "n_folds": 7,
    "metrics": {
      "rmse": 0.41147410171994314,
      "mae": 0.38791683878275457,
      "mape": 9.702919530817493,
      "mse": 0.16931093638623412,
      "mean_error": -0.38791683878275457,
      "std_error": 0.13722777625185292,
      "median_ae": 0.38758620689655077,
      "max_ae": 0.6257826086956522
    },
    "coverage": {
      "coverage": 0.6666666666666666,
      "target_coverage": 0.9,
      "meets_target": false,
      "avg_interval_width": 1.0455963705776736,
      "n_observations": 21,
      "n_within_ci": 14
    },
    "forecasts": [
      [
        3.3076086956521737,
        3.2742173913043477,
        3.2408260869565217
      ],
      [
        3.427350427350428,
        3.4054945054945063,
        3.3836385836385845
      ],
      [
        3.512413793103449,
        3.497730812013349,
        3.483047830923249
      ],
      [
        3.6200757575757576,
        3.61198752228164,
        3.6038992869875224
      ],
      [
        3.7733333333333325,
        3.7723423423423417,
        3.7713513513513504
      ],
      [
        3.8774628879892026,
        3.880438596491227,
        3.8834143049932512
      ],
      [
        3.9376306620209056,
        3.9423709585933064,
        3.9471112551657077
      ]
    ],
    "actuals": [
      [
        3.8,
        3.9,
        3.7
      ],
      [
        3.8,
        3.7,
        3.9
      ],
      [
        3.9,
        3.9,
        4.0
      ],
      [
        4.1,
        4.2,
        4.2
      ],
      [
        4.1,
        4.1,
        4.2
      ],
      [
        4.1,
        4.0,
        4.1
      ],
      [
        4.2,
        4.2,
        4.2
      ]
    ],
    "train_ends": [
      24,
      27,
      30,
      33,
      36,
      39,
      42
    ]
  }
}