{
  "results": [
    {
      "step": 1,
      "year": 1,
      "month": 1,
      "gdp": 165.60982955282194,
      "unemployment": 0.7333333333333334,
      "inflation": -0.09597437037037038,
      "interest_rate": 0.0409,
      "goods_price": 0.9040256296296296,
      "average_wage": 1.0139121055555556,
      "total_wealth": 13577.147799949114,
      "gini_coefficient": 0.321501990003605,
      "employment_rate": 0.26666666666666666,
      "average_consumption": 5.369422318622962,
      "government_revenue": 0.0,
      "goods_inventory": 0.0,
      "real_unemployment": 0.043,
      "real_fed_funds": 0.0409,
      "real_cpi": 324.368,
      "real_wage": 31.46,
      "real_data_enabled": true
    },
    {
      "step": 2,
      "year": 1,
      "month": 2,
      "gdp": 199.73590752435726,
      "unemployment": 0.6666666666666667,
      "inflation": -0.09377740863787372,
      "interest_rate": 0.0409,
      "goods_price": 0.8192484487407408,
      "average_wage": 0.9846303211652314,
      "total_wealth": 13575.948513428013,
      "gini_coefficient": 0.31833517832719066,
      "employment_rate": 0.3333333333333333,
      "average_consumption": 6.697839801515266,
      "government_revenue": 0.0,
      "goods_inventory": 0.0,
      "real_unemployment": 0.043,
      "real_fed_funds": 0.0409,
      "real_cpi": 324.368,
      "real_wage": 31.46,
      "real_data_enabled": true
    },
    {
      "step": 3,
      "year": 1,
      "month": 3,
      "gdp": 147.16197245085084,
      "unemployment": 0.7666666666666666,
      "inflation": -0.09033948008050649,
      "interest_rate": 0.0409,
      "goods_price": 0.7452379698247408,
      "average_wage": 0.9523273026171062,
      "total_wealth": 13570.66219267352,
      "gini_coefficient": 0.3152740893455226,
      "employment_rate": 0.23333333333333334,
      "average_consumption": 5.0816097735114205,
      "government_revenue": 0.0,
      "goods_inventory": 0.0,
      "real_unemployment": 0.043,
      "real_fed_funds": 0.0409,
      "real_cpi": 324.368,
      "real_wage": 31.46,
      "real_data_enabled": true
    },
    {
      "step": 4,
      "year": 1,
      "month": 4,
      "gdp": 183.63859181029494,
      "unemployment": 0.6666666666666667,
      "inflation": -0.08669867976381117,
      "interest_rate": 0.0409,
      "goods_price": 0.6806268217310728,
      "average_wage": 0.9267349611294864,
      "total_wealth": 13557.612772776341,
      "gini_coefficient": 0.31397540342441477,
      "employment_rate": 0.3333333333333333,
      "average_consumption": 6.556267056915813,
      "government_revenue": 0.0,
      "goods_inventory": 0.0,
      "real_unemployment": 0.043,
      "real_fed_funds": 0.0409,
      "real_cpi": 324.368,
      "real_wage": 31.46,
      "real_data_enabled": true
    },
    {
      "step": 5,
      "year": 1,
      "month": 5,
      "gdp": 180.47914500774462,
      "unemployment": 0.6666666666666667,
      "inflation": -0.08287292020363392,
      "interest_rate": 0.0409,
      "goods_price": 0.6242212894453006,
      "average_wage": 0.9026758141664873,
      "total_wealth": 13539.449656912071,
      "gini_coefficient": 0.3113101731171376,
      "employment_rate": 0.3333333333333333,
      "average_consumption": 6.621408695733812,
      "government_revenue": 0.0,
      "goods_inventory": 0.0,
      "real_unemployment": 0.043,
      "real_fed_funds": 0.0409,
      "real_cpi": 324.368,
      "real_wage": 31.46,
      "real_data_enabled": true
    },
    {
      "step": 6,
      "year": 1,
      "month": 6,
      "gdp": 153.36736674440112,
      "unemployment": 0.7,
      "inflation": -0.07888553389333587,
      "interest_rate": 0.0409,
      "goods_price": 0.5749792597598216,
      "average_wage": 0.8785986846998942,
      "total_wealth": 13519.515920841684,
      "gini_coefficient": 0.3090220507535248,
      "employment_rate": 0.3,
      "average_consumption": 5.776703427159609,
      "government_revenue": 0.0,
      "goods_inventory": 0.0,
      "real_unemployment": 0.043,
      "real_fed_funds": 0.0409,
      "real_cpi": 324.368,
      "real_wage": 31.46,
      "real_data_enabled": true
    },
    {
      "step": 7,
      "year": 1,
      "month": 7,
      "gdp": 222.53347748212616,
      "unemployment": 0.5666666666666667,
      "inflation": -0.07476494357966951,
      "interest_rate": 0.0409,
      "goods_price": 0.5319909678443984,
      "average_wage": 0.8616845054514592,
      "total_wealth": 13483.70147340141,
      "gini_coefficient": 0.3045977603622548,
      "employment_rate": 0.43333333333333335,
      "average_consumption": 8.611597497413372,
      "government_revenue": 0.0,
      "goods_inventory": 0.0,
      "real_unemployment": 0.043,
      "real_fed_funds": 0.0409,
      "real_cpi": 324.368,
      "real_wage": 31.46,
      "real_data_enabled": true
    },
    {
      "step": 8,
      "year": 1,
      "month": 8,
      "gdp": 69.59456616265112,
      "unemployment": 0.8666666666666667,
      "inflation": -0.07054401505016022,
      "interest_rate": 0.0409,
      "goods_price": 0.4944621890022338,
      "average_wage": 0.8331640831678255,
      "total_wealth": 13470.915009109402,
      "gini_coefficient": 0.30368401769538217,
      "employment_rate": 0.13333333333333333,
      "average_consumption": 2.746034348488622,
      "government_revenue": 0.0,
      "goods_inventory": 0.0,
      "real_unemployment": 0.043,
      "real_fed_funds": 0.0409,
      "real_cpi": 324.368,
      "real_wage": 31.46,
      "real_data_enabled": true
    },
    {
      "step": 9,
      "year": 1,
      "month": 9,
      "gdp": 147.54060927707772,
      "unemployment": 0.7,
      "inflation": -0.06625910870014297,
      "interest_rate": 0.0409,
      "goods_price": 0.4616995650730242,
      "average_wage": 0.8133636629509251,
      "total_wealth": 13437.829227375449,
      "gini_coefficient": 0.29998794546580115,
      "employment_rate": 0.3,
      "average_consumption": 6.0208797003677175,
      "government_revenue": 0.0,
      "goods_inventory": 0.0,
      "real_unemployment": 0.043,
      "real_fed_funds": 0.0409,
      "real_cpi": 324.368,
      "real_wage": 31.46,
      "real_data_enabled": true
    },
    {
      "step": 10,
      "year": 1,
      "month": 10,
      "gdp": 142.58877838607557,
      "unemployment": 0.7,
      "inflation": -0.06194887943131649,
      "interest_rate": 0.0409,
      "goods_price": 0.43309779438282414,
      "average_wage": 0.7947814635878694,
      "total_wealth": 13401.604320593771,
      "gini_coefficient": 0.29460577508697167,
      "employment_rate": 0.3,
      "average_consumption": 5.960456172258434,
      "government_revenue": 0.0,
      "goods_inventory": 0.0,
      "real_unemployment": 0.043,
      "real_fed_funds": 0.0409,
      "real_cpi": 324.368,
      "real_wage": 31.46,
      "real_data_enabled": true
    },
    {
      "step": 11,
      "year": 1,
      "month": 11,
      "gdp": 134.12861212772384,
      "unemployment": 0.7,
      "inflation": -0.05765290457811392,
      "interest_rate": 0.0409,
      "goods_price": 0.4081284485702796,
      "average_wage": 0.7773425340406257,
      "total_wealth": 13363.596074178426,
      "gini_coefficient": 0.2913530960750342,
      "employment_rate": 0.3,
      "average_consumption": 5.737895284768964,
      "government_revenue": 0.0,
      "goods_inventory": 0.0,
      "real_unemployment": 0.043,
      "real_fed_funds": 0.0409,
      "real_cpi": 324.368,
      "real_wage": 31.46,
      "real_data_enabled": true
    },
    {
      "step": 12,
      "year": 1,
      "month": 12,
      "gdp": 206.96501197116754,
      "unemployment": 0.5333333333333333,
      "inflation": -0.05341024123829927,
      "interest_rate": 0.0,
      "goods_price": 0.3863302096759281,
      "average_wage": 0.7672600534506046,
      "total_wealth": 13298.98928483149,
      "gini_coefficient": 0.28713123911244576,
      "employment_rate": 0.4666666666666667,
      "average_consumption": 9.052393377270073,
      "government_revenue": 0.0,